symbol,return,price,avg_vol,sector,market_cap
ATLANTAELE.NS,6.74,1716.5,172377,Industrials,12849.0
DIFFNKG.NS,5.85,464.4,187933,Industrials,1142.0
GKSL.NS,8.5,194.27,7647111,Healthcare,1010.0
IDBI.NS,5.32,86.57,14415159,Financial Services,80858.0
INOXINDIA.NS,5.64,2168.3,350058,Industrials,13532.0
LGHL.NS,9.71,219.47,52573,Consumer Cyclical,1311.0
MOREPENLAB.NS,6.14,133.72,20995894,Healthcare,2326.0
MUNJALAU.NS,5.99,112.86,2069082,Consumer Cyclical,832.0
NPST.NS,6.76,1764.8,88765,Technology,2666.0
RITES.NS,8.7,209.05,10352518,Industrials,10596.0
RPEL.NS,5.29,1809.0,69831,Basic Materials,3310.0
SAIPARENT.NS,5.33,529.3,125292,Healthcare,2157.0
SBC.NS,6.5,58.29,20916674,Industrials,1602.0
SOLARINDS.NS,5.63,19700.0,185881,Basic Materials,141236.0
SUNTV.NS,9.35,605.0,8708932,Communication Services,21958.0
SYRMA.NS,5.33,1782.9,1725494,Technology,18971.0
THELEELA.NS,7.53,573.8,665601,Consumer Cyclical,14143.0
TPLPLASTEH.NS,9.01,71.14,479437,Consumer Cyclical,528.0
TRANSRAILL.NS,5.48,476.4,1988039,Industrials,8156.0
TVSELECT.NS,11.18,416.15,578838,Technology,886.0
VALIANTORG.NS,12.48,455.1,157809,Basic Materials,736.0
VESUVIUS.NS,6.0,424.2,2204568,Industrials,10462.0
